title,price,location,year,brand,condition,posted,link,image
Deepal S07 For Sale,"‡§∞‡•Ç. 66,99,999","27DR030, Budhanilkantha, Budhanilkantha Municipality, Kathmandu",,,| Like New,11 mins ago,https://hamrobazaar.com/product/deepal-s07-for-sale-in-kathmandu/ebab423ebe9404c19b2922010bbece0e,"https://hamrobazaar.blr1.cdn.digitaloceanspaces.com/User/Posts/2025/08/01/4559bbea-715e-9c0c-b7f2-60a980ab6e45.jpeg?x-image-process=image/resize,m_lfit,h_320,w_320/format,webp"
Brandnew Like 2021 Nissan Kicks 15k Km 60% Finance,"‡§∞‡•Ç. 36,50,000","Kausaltar, Madhyapur Thimi-2, Bhaktapur",2021,Nissan,| Like New,28 mins ago,https://hamrobazaar.com/product/brandnew-like-2021-nissan-kicks-15k-km-60-finance-in-bhaktapur/9de5f66dcefbeaa6b08d1eefcc3fb26f,"https://hamrobazaar.blr1.cdn.digitaloceanspaces.com/User/Posts/2025/08/01/375a2526-42b6-eb18-cd80-9996319b36fb.webp?x-image-process=image/resize,m_lfit,h_320,w_320/format,webp"
Nissan Xtrail2003 Model Finance Exchange,"‡§∞‡•Ç. 13,00,000","Dudhpati, Bhaktapur-1, Bhaktapur, Bagmati Pradesh",2003,Nissan,| Like New,2 hours ago,https://hamrobazaar.com/product/nissan-xtrail2003-model-finance-exchange-in-bhaktapur/43c2f990ef42c7f3442348f10441a09c,"https://hamrobazaar.blr1.cdn.digitaloceanspaces.com/User/Posts/2025/08/01/ad96326b-1aca-3181-2fb0-0f9f56574486.jpg?x-image-process=image/resize,m_lfit,h_320,w_320/format,webp"
Toyota Etios Cross2014 Model Finance Exchange,"‡§∞‡•Ç. 21,00,000",,2014,Toyota,| Like New,2 hours ago,https://hamrobazaar.com/product/toyota-etios-cross2014-model-finance-exchange-in-nepal/1be7411ab1cb550c1e5e00409539a410,"https://hamrobazaar.blr1.cdn.digitaloceanspaces.com/User/Posts/2025/08/01/c045c8df-6004-f810-1123-0d0b2d6556db.jpg?x-image-process=image/resize,m_lfit,h_320,w_320/format,webp"
TOYOTA RAV4 1998 MODEL FULLY FRESH ‚ÄºÔ∏è,"‡§∞‡•Ç. 11,00,000","Itachhen, Bhaktapur-1, Bhaktapur, Bagmati Pradesh",1998,Toyota,| Like New,13 hours ago,https://hamrobazaar.com/product/toyota-rav4-1998-model-fully-fresh-in-bhaktapur/97d0c0056ae1f57f3c41e7d9cc200a76,"https://hamrobazaar.blr1.cdn.digitaloceanspaces.com/User/Posts/2025/07/31/5a220f0a-28f0-9c72-26e0-8d7f70cfc6ae.jpg?x-image-process=image/resize,m_lfit,h_320,w_320/format,webp/resize,p_40,limit_0"
2013 TOP MODEL FORD ECOSPORT TITANIUM ‚ÄºÔ∏è,"‡§∞‡•Ç. 17,00,000","Itachhen, Bhaktapur-2, Bhaktapur, Bagmati Pradesh",2013,Ford,| Like New,14 hours ago,https://hamrobazaar.com/product/2013-top-model-ford-ecosport-titanium-in-bhaktapur/31a3f55c4812ba15c1365da69cf0fd7b,"https://hamrobazaar.blr1.cdn.digitaloceanspaces.com/User/Posts/2025/07/31/7781b9e6-71f8-ee91-39be-e115a4b0f9f2.jpg?x-image-process=image/resize,m_lfit,h_320,w_320/format,webp"
2012 MODEL CHEVROLET OPTRA FULLY FRESH CONDITION ‚ú≥,"‡§∞‡•Ç. 9,00,000","Itachhen, Bhaktapur-2, Bhaktapur, Bagmati Pradesh",2012,Chevrolet,| Like New,14 hours ago,https://hamrobazaar.com/product/2012-model-chevrolet-optra-fully-fresh-condition-in-bhaktapur/8d77204191cfc43976073cda2838e611,"https://hamrobazaar.blr1.cdn.digitaloceanspaces.com/User/Posts/2025/07/31/cc4d6150-e74e-e442-82b5-c02841d801e0.jpg?x-image-process=image/resize,m_lfit,h_320,w_320/format,webp"
Toyata Corola On Sell 9808813689,"‡§∞‡•Ç. 15,00,000","Bhaktapur, Bhaktapur Municipality, Bhaktapur",,,| Like New,19 hours ago,https://hamrobazaar.com/product/toyata-corola-on-sell-9808813689-in-bhaktapur/fd620da9acbf8515a9dd8576f9ccc641,"https://hamrobazaar.blr1.cdn.digitaloceanspaces.com/User/Posts/2025/07/31/f7706cf2-3738-c201-de28-4cece3eb97c4.jpeg?x-image-process=image/resize,m_lfit,h_320,w_320/format,webp/resize,p_40,limit_0"
Tata Nexon XZ+ EV On Sale,"‡§∞‡•Ç. 28,50,000",,,Tata,| Like New,21 hours ago,https://hamrobazaar.com/product/tata-nexon-xz-ev-on-sale-in-nepal/2028b87fb0fdf998ca270b0d12963333,"https://hamrobazaar.blr1.cdn.digitaloceanspaces.com/User/Posts/2025/07/31/faaa018c-5722-c806-d2cf-6b5fd72b841e.webp?x-image-process=image/resize,m_lfit,h_320,w_320/format,webp"
Toyota Rav4 1998model Finance Exchange,"‡§∞‡•Ç. 13,00,000",,1998,Toyota,| Like New,21 hours ago,https://hamrobazaar.com/product/toyota-rav4-1998model-finance-exchange-in-nepal/3cbedff716904f9bb0cd4a45106a51bf,"https://hamrobazaar.blr1.cdn.digitaloceanspaces.com/User/Posts/2025/07/31/2a12c6e3-2c91-b007-a3b5-5efd7bd439fc.jpg?x-image-process=image/resize,m_lfit,h_320,w_320/format,webp"
Subaru Japanese 4wd Fully Fresh Model-2007,"‡§∞‡•Ç. 19,00,000","Bhaktapur, Bhaktapur Municipality, Bhaktapur",2007,Subaru,| Brand New,24 hours ago,https://hamrobazaar.com/product/subaru-japanese-4wd-fully-fresh-model2007-in-bhaktapur/24b6774d586790ce6d5b525eeec4780f,"https://hamrobazaar.blr1.cdn.digitaloceanspaces.com/User/Posts/2025/07/31/222ac21f-1922-8792-52ef-5db32e450485.jpeg?x-image-process=image/resize,m_lfit,h_320,w_320/format,webp/resize,p_40,limit_0"
Well Condition Hyundai I20 Asta 2011 On Sale,"‡§∞‡•Ç. 15,75,000","Shanti Auto Pvt.ltd, Kathmandu-32, Kathmandu",2011,Hyundai,| Like New,1 days ago,https://hamrobazaar.com/product/well-condition-hyundai-i20-asta-2011-on-sale-in-kathmandu/6768566f20917444cab738765a549cb9,"https://hamrobazaar.blr1.cdn.digitaloceanspaces.com/User/Posts/2025/07/31/40bc06cf-041d-06b4-bd5e-c2b80221421e.webp?x-image-process=image/resize,m_lfit,h_320,w_320/format,webp"
Grand I10 Asta 2014 Model,"‡§∞‡•Ç. 18,50,000","Lr International, Kathmandu-23, Kathmandu",2014,,| Like New,1 days ago,https://hamrobazaar.com/product/grand-i10-asta-2014-model-in-kathmandu/4834ffaa02fda59c315221e4271c38f3,"https://hamrobazaar.blr1.cdn.digitaloceanspaces.com/User/Posts/2025/07/31/ebb2b25b-9962-30e3-baa6-0d38bd4c1513.webp?x-image-process=image/resize,m_lfit,h_320,w_320/format,webp"
Mercedes Benz C- Class 1995 Model On Sale!,"‡§∞‡•Ç. 26,50,000","Madhyapur Thimi-1, Bhaktapur, Bagmati Pradesh",1995,Mercedes,| Like New,2 days ago,https://hamrobazaar.com/product/mercedes-benz-c-class-1995-model-on-sale-in-bhaktapur/75b0afb2a8ef9127ace9e59fc7563c0f,"https://hamrobazaar.blr1.cdn.digitaloceanspaces.com/User/Posts/2025/07/30/31192d0f-f8a4-ccf1-559b-853f19829783.webp?x-image-process=image/resize,m_lfit,h_320,w_320/format,webp/resize,p_40,limit_0"
Mercedes Benz. C-Classs C250 Pure German Car 1995,"‡§∞‡•Ç. 26,50,000","Bagmati Petrol Pump, Araniko Highway, Balkumari, Madhyapur Thimi Municipality, Bhaktapur",1995,Mercedes,| Like New,2 days ago,https://hamrobazaar.com/product/mercedes-benz-cclasss-c250pure-german-car-1995-in-bhaktapur/77bf82808d0e842e4c56d4b2f2214da1,"https://hamrobazaar.blr1.cdn.digitaloceanspaces.com/User/Posts/2025/07/30/681a8199-07aa-806b-4aee-7f7b38431277.jpeg?x-image-process=image/resize,m_lfit,h_320,w_320/format,webp"
Mercedes Benz Class C 250 2500cc,"‡§∞‡•Ç. 26,30,000","Sangam Colony, Madhyapur Thimi-5, Bhaktapur, Bagmati Pradesh",,Mercedes,| Like New,2 days ago,https://hamrobazaar.com/product/mercedes-benz-class-c-250-2500cc-in-bhaktapur/e0cd4f02d786e7b34040bff45560a6fe,"https://hamrobazaar.blr1.cdn.digitaloceanspaces.com/User/Posts/2025/07/30/3c0a5426-92a3-e239-247a-52d4dfbb8177.jpg?x-image-process=image/resize,m_lfit,h_320,w_320/format,webp"
Datsun 2017 For Sale And Exchange,"‡§∞‡•Ç. 13,75,000","Dibya Marg, Kathmandu-6, Kathmandu, Bagmati Pradesh",2017,Datsun,| Like New,2 days ago,https://hamrobazaar.com/product/datsun-2017-for-sale-and-exchange-in-kathmandu/6b175b2f166a0427cf7d3bb31b980a97,"https://hamrobazaar.blr1.cdn.digitaloceanspaces.com/User/Posts/2025/07/30/763a804f-80e7-8f85-af05-1a1e54e37da8.jpg?x-image-process=image/resize,m_lfit,h_320,w_320/format,webp/resize,p_40,limit_0"
Super Fresh Nano For Sale,"‡§∞‡•Ç. 3,15,000","F1 soft Tower, Lalitpur-3, Lalitpur",,,| Used,3 days ago,https://hamrobazaar.com/product/super-fresh-nano-for-sale-in-lalitpur/b2e8414b02158c12861ff0b1b55b65fd,"https://hamrobazaar.blr1.cdn.digitaloceanspaces.com/User/Posts/2025/07/30/b91e9644-959d-c5bb-12e8-68488307e123.webp?x-image-process=image/resize,m_lfit,h_320,w_320/format,webp"
2021 Seltos With Sun Roof,"‡§∞‡•Ç. 41,00,000","Family Hospital, Lalitpur-15, Lalitpur",2021,,| Like New,3 days ago,https://hamrobazaar.com/product/2021-seltos-with-sun-roof-in-lalitpur/054b6d1a698a039129b46c7c8f192bc5,"https://hamrobazaar.blr1.cdn.digitaloceanspaces.com/User/Posts/2025/07/29/529c44e9-2da1-2fb1-4118-a0e9a460fb2b.webp?x-image-process=image/resize,m_lfit,h_320,w_320/format,webp"
Nissan Magnite XL 2021 For Sale And Exchange !!,"‡§∞‡•Ç. 25,25,000","Delight Motors Pvt Ltd, Lalitpur-4, Lalitpur",2021,Nissan,| Like New,3 days ago,https://hamrobazaar.com/product/nissan-magnite-xl-2021-for-sale-and-exchange-in-lalitpur/270919c85f4573ff1a1540038035f37b,"https://hamrobazaar.blr1.cdn.digitaloceanspaces.com/User/Posts/2025/07/29/67d7d6b1-4607-d9d4-0f6b-5e91e35cd82b.webp?x-image-process=image/resize,m_lfit,h_320,w_320/format,webp/resize,p_40,limit_0"
2012 MODEL FIGO TITANIUM SINGLE USER üìû9851198499,"‡§∞‡•Ç. 10,75,000","Gyan Jyoti Boarding School, ‡§∏‡§æ‡§ö‡§≤ ‡§Æ‡§æ‡§∞‡•ç‡§ó, Sanepa, Lalitpur, Lalitpur Metropolitan City, Lalitpur",2012,,| Like New,3 days ago,https://hamrobazaar.com/product/2012-model-figo-titanium-single-user-9851198499-in-lalitpur/d53e38dc9694b821c2cbc927b34b9561,"https://hamrobazaar.blr1.cdn.digitaloceanspaces.com/User/Posts/2025/07/29/6679ea7b-6228-0bc5-c9e1-00958b232506.jpeg?x-image-process=image/resize,m_lfit,h_320,w_320/format,webp"
"Bolero Pickup 2019 Model 4x4 Camper, 23 Lot","‡§∞‡•Ç. 15,28,000","Sifal Ground, Jaya Bageshwari Marg, Kathmandu-7, Kathmandu",2019,,| Like New,3 days ago,https://hamrobazaar.com/product/bolero-pickup-2019-model-4x4-camper-23-lot-in-kathmandu/fa38323d3c0101f942cc793fb760230a,"https://hamrobazaar.blr1.cdn.digitaloceanspaces.com/User/Posts/2025/07/29/0c1a6029-dacf-7580-4186-8630242d04b2.webp?x-image-process=image/resize,m_lfit,h_320,w_320/format,webp"
FULLY LOADED SUPER FRESH CHEVROLET BEAT LT ON SALE,"‡§∞‡•Ç. 8,90,000","Sunakothi, Lalitpur-26, Lalitpur",,Chevrolet,| Like New,3 days ago,https://hamrobazaar.com/product/fully-loaded-super-fresh-chevrolet-beat-lt-on-sale-in-lalitpur/0e75d451e99682c39656d7d8c119913f,"https://hamrobazaar.blr1.cdn.digitaloceanspaces.com/User/Posts/2025/07/29/da5dc469-07bd-8109-13e9-405b0e99ba8e.webp?x-image-process=image/resize,m_lfit,h_320,w_320/format,webp/resize,p_40,limit_0"
KIA RIO 2011 MODEL FULLY FRESH CONDITION ‚ÄºÔ∏è,"‡§∞‡•Ç. 11,00,000","Itachhen, Bhaktapur-1, Bhaktapur, Bagmati Pradesh",2011,Kia,| Like New,4 days ago,https://hamrobazaar.com/product/kia-rio-2011-model-fully-fresh-condition-in-bhaktapur/d14b72d31b5c1071cdcb4e882f1106bc,"https://hamrobazaar.blr1.cdn.digitaloceanspaces.com/User/Posts/2025/07/28/a02575be-0d8a-4bb6-d4f7-bec2b34140bf.jpg?x-image-process=image/resize,m_lfit,h_320,w_320/format,webp"
Toyota Landcrusier 4wd Fully Fresh 9803656430,"‡§∞‡•Ç. 14,99,000","Naya Thimi Sankhadhar Sawakha Chowk, Madhyapur Thimi-3, Bhaktapur",,Toyota,| Used,4 days ago,https://hamrobazaar.com/product/toyota-landcrusier-4wd-fully-fresh-9803656430-in-bhaktapur/984d245d3bb004d83a794df078af91ec,"https://hamrobazaar.blr1.cdn.digitaloceanspaces.com/User/Posts/2025/07/28/4ae2f289-e972-388f-bacd-7debbcce00c5.webp?x-image-process=image/resize,m_lfit,h_320,w_320/format,webp"
Eicher School Bus,"‡§∞‡•Ç. 11,50,000","Gatthaghar, Balkumari, Madhyapur Thimi Municipality, Bhaktapur",,,| Brand New,4 days ago,https://hamrobazaar.com/product/eicher-school-bus-in-bhaktapur/e745fc28b30851698ad94e44b2225553,"https://hamrobazaar.blr1.cdn.digitaloceanspaces.com/User/Posts/2025/07/28/b0e70337-ac76-1f0d-fdd9-876ec2e8dce2.jpeg?x-image-process=image/resize,m_lfit,h_320,w_320/format,webp/resize,p_40,limit_0"
"TOYOTA ETIOS CROSS,9766892933","‡§∞‡•Ç. 21,00,000","Dudhpati, Bhaktapur-1, Bhaktapur, Bagmati Pradesh",,Toyota,| Like New,4 days ago,https://hamrobazaar.com/product/toyota-etios-cross9766892933-in-bhaktapur/ebcb2f6fdc1c07c8fe69e792531312fc,"https://hamrobazaar.blr1.cdn.digitaloceanspaces.com/User/Posts/2025/07/28/00f5eebe-a044-ad4a-9eb2-1d13298dab0c.jpg?x-image-process=image/resize,m_lfit,h_320,w_320/format,webp"
"NISSAN X-TRAIL 4WD JEEP,9766892933","‡§∞‡•Ç. 13,00,000",,,Nissan,| Like New,4 days ago,https://hamrobazaar.com/product/nissan-xtrail-4wd-jeep9766892933-in-nepal/8205565a8bd98627f41e6971794bc889,"https://hamrobazaar.blr1.cdn.digitaloceanspaces.com/User/Posts/2025/07/28/aa485f0f-698b-6b17-2000-43c921b54857.jpg?x-image-process=image/resize,m_lfit,h_320,w_320/format,webp"
ISUZU VCROSS,"‡§∞‡•Ç. 39,00,000","Shiva Jyoti Auto Centre, Kathmandu-15, Kathmandu",,Isuzu,| Used,4 days ago,https://hamrobazaar.com/product/isuzu-vcross-in-kathmandu/a7e4af27b209c287279df67d6e272605,"https://hamrobazaar.blr1.cdn.digitaloceanspaces.com/User/Posts/2025/07/28/2e5544ad-63e1-e935-0891-3790c2d70598.webp?x-image-process=image/resize,m_lfit,h_320,w_320/format,webp/resize,p_40,limit_0"
"Santro 1086 Cc Semi, Fully Fresh, A One Condition","‡§∞‡•Ç. 9,10,000","Kathmandu-32, Kathmandu, Bagmati Pradesh",,,| Like New,4 days ago,https://hamrobazaar.com/product/santro-1086-cc-semi-fully-fresh-a-one-condition-in-kathmandu/9649790d5e35c1e3cc187f033a56726c,"https://hamrobazaar.blr1.cdn.digitaloceanspaces.com/User/Posts/2025/07/28/a96d403c-21a6-9b5d-6eec-2e00c835927c.webp?x-image-process=image/resize,m_lfit,h_320,w_320/format,webp"
Isuzu Highlander 2020 Silver,"‡§∞‡•Ç. 40,00,000","Pokhara Airport, Pokhara Lekhnath-7, Kaski",2020,Isuzu,| Used,5 days ago,https://hamrobazaar.com/product/isuzu-highlander-2020-silver-in-kaski/b2c32545da6e40be6c6097bf9ba73336,"https://hamrobazaar.blr1.cdn.digitaloceanspaces.com/User/Posts/2025/07/27/0de9ae9f-b3e0-7fbd-8ec7-f616f0067a24.webp?x-image-process=image/resize,m_lfit,h_320,w_320/format,webp"
Excellent 2005 Hyundai Getz Full Option,"‡§∞‡•Ç. 6,25,000","Kausaltar, Madhyapur Thimi-2, Bhaktapur",2005,Hyundai,| Used,5 days ago,https://hamrobazaar.com/product/excellent-2005-hyundai-getz-full-option-in-bhaktapur/578040cb59629950db19aa80ed35c5e5,"https://hamrobazaar.blr1.cdn.digitaloceanspaces.com/User/Posts/2025/07/27/018a0863-51d7-1462-0f1f-f2ab94bc707d.webp?x-image-process=image/resize,m_lfit,h_320,w_320/format,webp/resize,p_40,limit_0"
NISSAN X-TRAIL 2003 MODEL FULLY FRESH ‚ÄºÔ∏è,"‡§∞‡•Ç. 14,00,000","Itachhen, Bhaktapur-2, Bhaktapur, Bagmati Pradesh",2003,Nissan,| Brand New,5 days ago,https://hamrobazaar.com/product/nissan-xtrail-2003-model-fully-fresh-in-bhaktapur/37f3b5c1f7d1714f7a2bbb1bc2122d41,"https://hamrobazaar.blr1.cdn.digitaloceanspaces.com/User/Posts/2025/07/27/1fb9766c-eef7-814b-5b0a-b695faa84af3.jpg?x-image-process=image/resize,m_lfit,h_320,w_320/format,webp"
Ford EcoSport Titanium 2014 Model 9818846575,"‡§∞‡•Ç. 23,00,000","Itachhen, Bhaktapur-1, Bhaktapur, Bagmati Pradesh",2014,Ford,| Brand New,5 days ago,https://hamrobazaar.com/product/ford-ecosport-titanium-2014-model-9818846575-in-bhaktapur/e12855012b76d85a09d280da00e5e5d6,"https://hamrobazaar.blr1.cdn.digitaloceanspaces.com/User/Posts/2025/07/27/ba4077be-0ef1-5b79-4a8d-2f77770eb2d3.jpg?x-image-process=image/resize,m_lfit,h_320,w_320/format,webp"
Excellent Condition Santro 2007 Vehicle On Sale,"‡§∞‡•Ç. 10,50,000","Devsthal Marg, Kathmandu-32, Kathmandu, Bagmati Pradesh",2007,,| Like New,5 days ago,https://hamrobazaar.com/product/excellent-condition-santro-2007-vehicle-on-sale-in-kathmandu/6967c170773036f5557685c092dd5ef9,"https://hamrobazaar.blr1.cdn.digitaloceanspaces.com/User/Posts/2025/07/27/af42b876-d74c-1632-3766-00979d122d7d.jpg?x-image-process=image/resize,m_lfit,h_320,w_320/format,webp/resize,p_40,limit_0"
Single User Like New Suzuki Baleno Delta 2018 Sale,"‡§∞‡•Ç. 22,50,000","Shanti Auto Pvt.ltd, Devasthal Marg, Kathmandu-32, Kathmandu",2018,Suzuki,| Like New,5 days ago,https://hamrobazaar.com/product/single-user-like-new-suzuki-baleno-delta-2018-sale-in-kathmandu/5a949d69900ebfb4780881f8bee1efa6,"https://hamrobazaar.blr1.cdn.digitaloceanspaces.com/User/Posts/2025/07/27/6edbb485-d178-ef7e-6b11-68ef376f1d64.webp?x-image-process=image/resize,m_lfit,h_320,w_320/format,webp"
Sirion Myvi2010 Model Finance Exchange9707167125,"‡§∞‡•Ç. 8,00,000","Dudhpati, Bhaktapur-1, Bhaktapur, Bagmati Pradesh",2010,,| Like New,5 days ago,https://hamrobazaar.com/product/sirion-myvi2010-model-finance-exchange9707167125-in-bhaktapur/41fa65fa5a3345dbdc083d206c328ead,"https://hamrobazaar.blr1.cdn.digitaloceanspaces.com/User/Posts/2025/07/27/882061a9-437f-f66b-0a63-90d2254eca6d.jpg?x-image-process=image/resize,m_lfit,h_320,w_320/format,webp"
Tata Nexon XZ+,"‡§∞‡•Ç. 24,99,999","Lagankhel, Nahiti Batukvairab Marga, Lalitpur-6, Lalitpur, Bagmati Pradesh",,Tata,| Like New,6 days ago,https://hamrobazaar.com/product/tata-nexon-xz-in-lalitpur/a6677ac66f038bad32a79e0da73f04aa,"https://hamrobazaar.blr1.cdn.digitaloceanspaces.com/User/Posts/2025/07/26/38f983a9-af2a-700d-e073-bd24060e41cc.jpg?x-image-process=image/resize,m_lfit,h_320,w_320/format,webp/resize,p_40,limit_0"
KIA Picanto 2010 Model 9823657076,"‡§∞‡•Ç. 9,30,000","Shankhadar Shakwa statue, Purano Thimi- Naya Thimi, Balkumari, Madhyapur Thimi Municipality, Bhaktapur",2010,Kia,| Like New,6 days ago,https://hamrobazaar.com/product/kia-picanto-2010-model-9823657076-in-bhaktapur/597d5c5ea8b0079f17cab3ab6b988726,"https://hamrobazaar.blr1.cdn.digitaloceanspaces.com/User/Posts/2025/07/26/1f8bf396-1308-854d-9653-854cea78089a.jpeg?x-image-process=image/resize,m_lfit,h_320,w_320/format,webp"
Grand I10 Sportz 2018 Model,"‡§∞‡•Ç. 23,50,000","Jawalakhel, Lalitpur-4, Lalitpur",2018,,| Like New,6 days ago,https://hamrobazaar.com/product/grand-i10-sportz-2018-model-in-lalitpur/96ba58f65fde6f22058620c1c908a8fd,"https://hamrobazaar.blr1.cdn.digitaloceanspaces.com/User/Posts/2025/07/26/634fd8a0-65a9-65fa-04ab-6260dd0e64c3.webp?x-image-process=image/resize,m_lfit,h_320,w_320/format,webp"
Suzuki Baleno Alpha Top Model Super Fresh Conditio,"‡§∞‡•Ç. 21,50,000","Bhaktapur, Madhyapur Thimi-5, Bhaktapur",,Suzuki,| Like New,7 days ago,https://hamrobazaar.com/product/suzuki-baleno-alpha-top-model-super-fresh-conditio-in-bhaktapur/86e4b57bd266be6bdb30c7a73fc16a23,"https://hamrobazaar.blr1.cdn.digitaloceanspaces.com/User/Posts/2025/07/25/aaa75899-7db0-39ff-77bc-e94c52a1a0e0.webp?x-image-process=image/resize,m_lfit,h_320,w_320/format,webp/resize,p_40,limit_0"
Kia Picanto 2010 Model Exchange Available ‚ö°Ô∏è,"‡§∞‡•Ç. 9,35,000","Madhyapur Thimi, Madhyapur Thimi Municipality, Bhaktapur",2010,Kia,| Like New,7 days ago,https://hamrobazaar.com/product/kia-picanto-2010-model-exchange-available-in-bhaktapur/67b5ca0596ad509374c752b336b58f3d,"https://hamrobazaar.blr1.cdn.digitaloceanspaces.com/User/Posts/2025/07/25/cb49e754-d941-25b7-8846-a21c9b8dca22.jpeg?x-image-process=image/resize,m_lfit,h_320,w_320/format,webp"
Maruti Suzuki Breeza,"‡§∞‡•Ç. 38,00,000","Dallu, Siddhartha Sadak, Kathmandu-15, Kathmandu",,Suzuki,| Like New,7 days ago,https://hamrobazaar.com/product/maruti-suzuki-breeza-in-kathmandu/a5db8c831076a55d69b8d533c306af84,"https://hamrobazaar.blr1.cdn.digitaloceanspaces.com/User/Posts/2025/07/25/f15be0a7-1319-3f0a-c28d-6312d1a05760.webp?x-image-process=image/resize,m_lfit,h_320,w_320/format,webp"
Mitsubishi Pajero 1990 Model Fully Fresh ‚ÄºÔ∏èüí•,"‡§∞‡•Ç. 8,00,000","Itachhen, Bhaktapur-1, Bhaktapur, Bagmati Pradesh",1990,Mitsubishi,| Like New,7 days ago,https://hamrobazaar.com/product/mitsubishi-pajero-1990-model-fully-fresh-in-bhaktapur/6500db22d003a8b0b4c11f431037197d,"https://hamrobazaar.blr1.cdn.digitaloceanspaces.com/User/Posts/2025/07/25/5c18fb05-f7af-d79b-600c-1b7a4bc01457.jpg?x-image-process=image/resize,m_lfit,h_320,w_320/format,webp/resize,p_40,limit_0"
Maruti Suzuki Celerio,"‡§∞‡•Ç. 18,50,000","Kathmandu, Kathmandu-11, Kathmandu",,Suzuki,| Like New,7 days ago,https://hamrobazaar.com/product/maruti-suzuki-celerio-in-kathmandu/2a6796748ecc5aa6b3c6beb5845ec9e3,"https://hamrobazaar.blr1.cdn.digitaloceanspaces.com/User/Posts/2025/07/25/1c3b75bc-3386-0767-33a2-c4696e33ad49.webp?x-image-process=image/resize,m_lfit,h_320,w_320/format,webp"
Landrover‚ÄôS Freelander 2006 Model Yrgent Sell,"‡§∞‡•Ç. 28,20,000","Shiva Shakti Saving And Credit Cooperative, Mandev Marg, Thapa tol, Lakhaju Tol, Changunarayan Municipality, Bhaktapur",2006,,| Like New,7 days ago,https://hamrobazaar.com/product/landrovers-freelander-2006-model-yrgent-sell-in-bhaktapur/208fafc54c33278aca7c0a62b12de097,"https://hamrobazaar.blr1.cdn.digitaloceanspaces.com/User/Posts/2025/07/25/816dca87-7d53-57d0-acd0-017fc3c1a3b1.jpeg?x-image-process=image/resize,m_lfit,h_320,w_320/format,webp"
Toyota Etios Cross On Sale 9701138565,"‡§∞‡•Ç. 21,00,000","Dudhpati, Bhaktapur-1, Bhaktapur, Bagmati Pradesh",,Toyota,| Like New,8 days ago,https://hamrobazaar.com/product/toyota-etios-cross-on-sale-9701138565-in-bhaktapur/5c7be8dc9d8e0b99533df909110bd876,"https://hamrobazaar.blr1.cdn.digitaloceanspaces.com/User/Posts/2025/07/24/0e65580c-defd-c89a-b16e-04b866bd384d.jpg?x-image-process=image/resize,m_lfit,h_320,w_320/format,webp/resize,p_40,limit_0"
Sirion Myvi 2010 Model Finance Exchange Available,"‡§∞‡•Ç. 7,89,000","Yalachhen, Aadarsha, Bhaktapur, Bhaktapur Municipality, Bhaktapur",2010,,| Like New,8 days ago,https://hamrobazaar.com/product/sirion-myvi-2010-model-finance-exchange-available-in-bhaktapur/62876e339928b2c27300403cb5356499,"https://hamrobazaar.blr1.cdn.digitaloceanspaces.com/User/Posts/2025/07/24/16f54fa8-8d29-f392-ccf5-ae15217bd733.jpeg?x-image-process=image/resize,m_lfit,h_320,w_320/format,webp"
Land Rover 4wd Jeep 1999model 9766892933,‡§∞‡•Ç. 14,"Dudhpati, Bhaktapur-1, Bhaktapur, Bagmati Pradesh",1999,Jeep,| Like New,8 days ago,https://hamrobazaar.com/product/land-rover-4wd-jeep-1999model-9766892933-in-bhaktapur/bb4a82bb76757b23021fdc71ad7115eb,"https://hamrobazaar.blr1.cdn.digitaloceanspaces.com/User/Posts/2025/07/24/b0ca2f28-38a3-189a-514d-5b3355ecac1b.jpg?x-image-process=image/resize,m_lfit,h_320,w_320/format,webp/resize,p_40,limit_0"
Fresh Toyota Sedan In Very Reasonable Price,"‡§∞‡•Ç. 4,00,000","Lalitpur, Lalitpur-3, Lalitpur",,Toyota,| Like New,8 days ago,https://hamrobazaar.com/product/fresh-toyota-sedan-in-very-reasonable-price-in-lalitpur/bf016773768da2a0e6b66b92de3ab9ce,"https://hamrobazaar.blr1.cdn.digitaloceanspaces.com/User/Posts/2025/07/24/65fb5831-6a3f-a24a-7e00-a59e83698cf1.webp?x-image-process=image/resize,m_lfit,h_320,w_320/format,webp"
Datsun Go 2016 Model Serious Buyer -9813109263,"‡§∞‡•Ç. 9,50,000","Ghalcha Restro, Chandra Binayak Marg, Bulbulley, Chabahil, Kathmandu Metropolitan City, Kathmandu",2016,Datsun,| Like New,9 days ago,https://hamrobazaar.com/product/datsun-go-2016-modelserious-buyer-9813109263-in-kathmandu/48ecd4d8284c950871ed35f6bc0afdb5,"https://hamrobazaar.blr1.cdn.digitaloceanspaces.com/User/Posts/2025/07/23/b4f9d6a5-8419-8faa-fd9c-f35eac593559.jpeg?x-image-process=image/resize,m_lfit,h_320,w_320/format,webp"
4wd Fully Loaded Duster Available In EMI,"‡§∞‡•Ç. 30,00,000","Garden Tandoori Resturant, Lampati, Kohinoor Hills Housing, Kathmandu Metropolitan City, Kathmandu",,,| Used,9 days ago,https://hamrobazaar.com/product/4wd-fully-loaded-duster-available-in-emi-in-kathmandu/6cec503082f25fc29e76d209a632eab9,"https://hamrobazaar.blr1.cdn.digitaloceanspaces.com/User/Posts/2025/07/23/6d477a01-73e5-01ed-8e73-b02ea6a5e02e.jpeg?x-image-process=image/resize,m_lfit,h_320,w_320/format,webp/resize,p_40,limit_0"
Creta Rent Self Drive,"‡§∞‡•Ç. 6,999","Kholagaal, ‡§â‡§§‡•ç‡§§‡§∞ ‡§¢‡•ã‡§ï‡§æ ‡§∞‡•ã‡§°, Kathmandu-1, Kathmandu, Bagmati Pradesh",,,| Like New,9 days ago,https://hamrobazaar.com/product/creta-rent-self-drive-in-kathmandu/a23d43d96effce5c9a0db7302e67e91b,"https://hamrobazaar.blr1.cdn.digitaloceanspaces.com/User/Posts/2025/07/23/298b7915-f1ff-ad02-f9c7-96bab91e6432.jpg?x-image-process=image/resize,m_lfit,h_320,w_320/format,webp"
Nissan X-Trail 4wd Jeep 9766892933,"‡§∞‡•Ç. 13,00,000","Dudhpati, Bhaktapur-1, Bhaktapur, Bagmati Pradesh",,Nissan,| Like New,9 days ago,https://hamrobazaar.com/product/nissan-xtrail-4wd-jeep-9766892933-in-bhaktapur/d47cecdcdbc0d3ca06afb63ec0520e5d,"https://hamrobazaar.blr1.cdn.digitaloceanspaces.com/User/Posts/2025/07/23/25c49b6e-c4c6-1208-ed10-082ecba719cc.jpg?x-image-process=image/resize,m_lfit,h_320,w_320/format,webp"
TATA TIAGO EV LR XT +TEC,"‡§∞‡•Ç. 22,99,999","Chamuna Store, Gokarneshwor-5, Kathmandu",,Tata,| Like New,9 days ago,https://hamrobazaar.com/product/tata-tiago-ev-lr-xt-tec-in-kathmandu/944d744740e3383fa755f3e207c6492a,"https://hamrobazaar.blr1.cdn.digitaloceanspaces.com/User/Posts/2025/07/23/00dbe908-f014-7c89-1ea5-8bb918d6fff3.webp?x-image-process=image/resize,m_lfit,h_320,w_320/format,webp/resize,p_40,limit_0"
"Ford EcoSport 2wd,9766892933","‡§∞‡•Ç. 18,00,000","Dudhpati, Bhaktapur-1, Bhaktapur, Bagmati Pradesh",,Ford,| Like New,9 days ago,https://hamrobazaar.com/product/ford-ecosport-2wd9766892933-in-bhaktapur/6cd7a2197ae3efe57c563266b4759ae9,"https://hamrobazaar.blr1.cdn.digitaloceanspaces.com/User/Posts/2025/07/23/874ec888-b7a9-d395-c029-4e22783d303d.jpg?x-image-process=image/resize,m_lfit,h_320,w_320/format,webp"
KIA Sportage 4wd 9766892933,"‡§∞‡•Ç. 21,90,000","Dudhpati, Bhaktapur-1, Bhaktapur, Bagmati Pradesh",,Kia,| Like New,9 days ago,https://hamrobazaar.com/product/kia-sportage-4wd-9766892933-in-bhaktapur/4b25d47ad512a369c7ca23e578c54ad4,"https://hamrobazaar.blr1.cdn.digitaloceanspaces.com/User/Posts/2025/07/23/99415cfa-66c7-a548-3fe0-32693785ed22.jpg?x-image-process=image/resize,m_lfit,h_320,w_320/format,webp"
I M Driver I Need Jobs I Have 10yrs Experience,"‡§∞‡•Ç. 3,00,000",,,,| Brand New,10 days ago,https://hamrobazaar.com/product/i-m-driver-i-need-jobs-i-have-10yrs-experience-in-rupandehi/b29e60ed469e2427cc8a6855287021a3,"https://hamrobazaar.blr1.cdn.digitaloceanspaces.com/User/Posts/2025/07/22/47ded912-ae15-13cb-a5e2-09f8f9b1b15b.jpg?x-image-process=image/resize,m_lfit,h_320,w_320/format,webp/resize,p_40,limit_0"
Subaru Japanese 4wd 9766892933,"‡§∞‡•Ç. 17,98,000","Dudhpati, Bhaktapur-1, Bhaktapur, Bagmati Pradesh",,Subaru,| Like New,10 days ago,https://hamrobazaar.com/product/subaru-japanese-4wd-9766892933-in-bhaktapur/9a78f867af0b6cb193a0d07054e6d643,"https://hamrobazaar.blr1.cdn.digitaloceanspaces.com/User/Posts/2025/07/22/5a92802b-d6de-1b42-04c6-b75f95773787.jpg?x-image-process=image/resize,m_lfit,h_320,w_320/format,webp"
Ford EcoSport 9766892933,"‡§∞‡•Ç. 18,00,000","Dudhpati, Bhaktapur-1, Bhaktapur, Bagmati Pradesh",,Ford,| Like New,10 days ago,https://hamrobazaar.com/product/ford-ecosport-9766892933-in-bhaktapur/ab72272885df72893a396b48a870d094,"https://hamrobazaar.blr1.cdn.digitaloceanspaces.com/User/Posts/2025/07/22/43e1b2a9-1d13-28d9-1d6c-f812da854a86.jpg?x-image-process=image/resize,m_lfit,h_320,w_320/format,webp"
Mahindra E20 Ev Sell And Exchange 2016,"‡§∞‡•Ç. 9,00,000","Shankhamul, ‡§¨‡§æ‡§ó‡§Æ‡§§‡•Ä ‡§ï‡•ã‡§∞‡§ø‡§°‡•ã‡§∞, Kathmandu-10, Kathmandu, Bagmati Pradesh",2016,Mahindra,| Used,11 days ago,https://hamrobazaar.com/product/mahindra-e20-ev-sell-and-exchange-2016-in-kathmandu/854290febd928a80194ae65889f6ad83,"https://hamrobazaar.blr1.cdn.digitaloceanspaces.com/User/Posts/2025/07/21/85255010-249b-eb4d-1d3d-064c37fb76d7.jpg?x-image-process=image/resize,m_lfit,h_320,w_320/format,webp"
Kia Soul Ev Sell And Exchange 2018,"‡§∞‡•Ç. 20,00,000","Kshitij Nagar, ‡§¨‡§æ‡§ó‡§Æ‡§§‡•Ä ‡§ï‡•ã‡§∞‡§ø‡§°‡•ã‡§∞, Kathmandu-10, Kathmandu, Bagmati Pradesh",2018,Kia,| Used,11 days ago,https://hamrobazaar.com/product/kia-soul-ev-sell-and-exchange-2018-in-kathmandu/f7a0178a3104c1f4b5a8fa6b4350b38e,"https://hamrobazaar.blr1.cdn.digitaloceanspaces.com/User/Posts/2025/07/21/de4cf5ab-80aa-97cc-027b-937ddac0dcaa.jpg?x-image-process=image/resize,m_lfit,h_320,w_320/format,webp"
"Tata Zest Silver Color , 2016 Model ,","‡§∞‡•Ç. 15,00,000","Sanepa, Lalitpur-2, Lalitpur",2016,Tata,| Used,11 days ago,https://hamrobazaar.com/product/tata-zest-silver-color-2016-model-in-lalitpur/9a78bb807f41dabf414943100c9ee0ee,"https://hamrobazaar.blr1.cdn.digitaloceanspaces.com/User/Posts/2025/07/21/39d0b9d6-09a7-3d49-0e15-7a1d701ef9a4.webp?x-image-process=image/resize,m_lfit,h_320,w_320/format,webp/resize,p_40,limit_0"
Chevrolet Optra Sedan Luxurious Car 9766892933,"‡§∞‡•Ç. 10,00,000","Dudhpati, Bhaktapur-1, Bhaktapur, Bagmati Pradesh",,Chevrolet,| Like New,11 days ago,https://hamrobazaar.com/product/chevrolet-optra-sedan-luxurious-car-9766892933-in-bhaktapur/144271cd3d6a08f5c595c889c3c34d2c,"https://hamrobazaar.blr1.cdn.digitaloceanspaces.com/User/Posts/2025/07/21/96358893-753d-ec99-f883-85426e907f13.jpg?x-image-process=image/resize,m_lfit,h_320,w_320/format,webp"
SIRION MYVI SXI 2010 Model Fully Fresh Condition ‚ö°,"‡§∞‡•Ç. 9,00,000","Itachhen, Bhaktapur-1, Bhaktapur, Bagmati Pradesh",2010,,| Brand New,12 days ago,https://hamrobazaar.com/product/sirion-myvi-sxi-2010-model-fully-fresh-condition-in-bhaktapur/42904be255b08a530f49cf29c3752ca8,"https://hamrobazaar.blr1.cdn.digitaloceanspaces.com/User/Posts/2025/07/20/627271ae-1fa6-8c96-5da7-74a3395eb9fb.jpg?x-image-process=image/resize,m_lfit,h_320,w_320/format,webp/resize,p_40,limit_0"
Car Bikrima,"‡§∞‡•Ç. 12,00,000","Sano Bharyang, Nagarjun-2, Kathmandu, Bagmati Pradesh",,,| Like New,12 days ago,https://hamrobazaar.com/product/car-bikrima-in-kathmandu/748f8459a0a68b5483d7f59b49021b66,"https://hamrobazaar.blr1.cdn.digitaloceanspaces.com/User/Posts/2025/07/20/baf2f76a-21f6-7175-04b7-0414ae19e61d.jpg?x-image-process=image/resize,m_lfit,h_320,w_320/format,webp"
Deepal So7 2024 As Brand New,"‡§∞‡•Ç. 62,00,000","Kholagaal, Bhairav Galli, Kathmandu-2, Kathmandu, Bagmati Pradesh",2024,,| Like New,12 days ago,https://hamrobazaar.com/product/deepal-so7-2024-as-brand-new-in-kathmandu/bd4588990410443a0f19ada3d219dd20,"https://hamrobazaar.blr1.cdn.digitaloceanspaces.com/User/Posts/2025/07/20/ca78ad91-3618-18a5-630d-8de87ff1ab0a.jpg?x-image-process=image/resize,m_lfit,h_320,w_320/format,webp"
Mazda3 2007model Finance Exchange,"‡§∞‡•Ç. 13,00,000","Dudhpati, Bhaktapur-1, Bhaktapur, Bagmati Pradesh",2007,Mazda,| Like New,12 days ago,https://hamrobazaar.com/product/mazda3-2007model-finance-exchange-in-bhaktapur/b53e6b74e1c8e8a8f7a157206dec48ad,"https://hamrobazaar.blr1.cdn.digitaloceanspaces.com/User/Posts/2025/07/20/b657d015-70e8-f5ad-24df-2a4cf296e2de.jpg?x-image-process=image/resize,m_lfit,h_320,w_320/format,webp/resize,p_40,limit_0"
"Company Color, Single Handed Ecosports Titanium.","‡§∞‡•Ç. 30,90,000","Red Cross Road, Kathmandu-13, Kathmandu, Bagmati Pradesh",,,| Like New,13 days ago,https://hamrobazaar.com/product/company-color-single-handed-ecosports-titanium-in-kathmandu/816a410c523dfcb30ed26f0be241874c,"https://hamrobazaar.blr1.cdn.digitaloceanspaces.com/User/Posts/2025/07/19/b4498f88-ddda-b597-3623-f3de3d1b4a4a.jpg?x-image-process=image/resize,m_lfit,h_320,w_320/format,webp"
Honda City Car Bikri Maa,"‡§∞‡•Ç. 25,50,000",,,Honda,| Like New,13 days ago,https://hamrobazaar.com/product/honda-city-car-bikri-maa-in-parasi/632d957f053d113e72e27f6fea4edb26,"https://hamrobazaar.blr1.cdn.digitaloceanspaces.com/User/Posts/2025/07/19/64f7c71a-6bdb-b0a5-e003-d62d477d52cd.jpg?x-image-process=image/resize,m_lfit,h_320,w_320/format,webp"
Hilander Isuzu Dmax 2020model,"‡§∞‡•Ç. 35,50,000",,2020,Isuzu,| Like New,13 days ago,https://hamrobazaar.com/product/hilander-isuzu-dmax-2020model-in-makwanpur/b7b40be7e908ac9a180f2ec7f51fd197,"https://hamrobazaar.blr1.cdn.digitaloceanspaces.com/User/Posts/2025/07/19/30e95a53-6d14-6e09-63bd-88ba8d1be8cd.jpeg?x-image-process=image/resize,m_lfit,h_320,w_320/format,webp/resize,p_40,limit_0"
"Subaru Japanese 4wd,9766892933","‡§∞‡•Ç. 17,00,000","Dudhpati, Bhaktapur-1, Bhaktapur, Bagmati Pradesh",,Subaru,| Like New,13 days ago,https://hamrobazaar.com/product/subaru-japanese-4wd9766892933-in-bhaktapur/2fe2f4922960286936cb3c5669b7f821,"https://hamrobazaar.blr1.cdn.digitaloceanspaces.com/User/Posts/2025/07/19/3912b0db-23f8-1182-5104-c590da34f990.jpg?x-image-process=image/resize,m_lfit,h_320,w_320/format,webp"
Korean Ssangyong Double Cab Pickup Abs Airbag 4wd,"‡§∞‡•Ç. 13,00,000","Shankhamul Chok, Buddhnagar, Kathmandu Metropolitan City, Kathmandu",,,| Like New,13 days ago,https://hamrobazaar.com/product/korean-ssangyong-double-cab-pickup-absairbag-4wd-in-kathmandu/32fd8a5d357de3f79052ccf38bf83154,"https://hamrobazaar.blr1.cdn.digitaloceanspaces.com/User/Posts/2025/07/19/c86d8e07-b349-65ed-0169-d7290516785e.jpeg?x-image-process=image/resize,m_lfit,h_320,w_320/format,webp"
LAND Rover 1999 Model Exchange Or Finance Ava,"‡§∞‡•Ç. 14,00,000","Itachhen, Bhaktapur-2, Bhaktapur, Bagmati Pradesh",1999,Land Rover,| Like New,14 days ago,https://hamrobazaar.com/product/land-rover-1999-model-exchange-or-finance-ava-in-bhaktapur/bcd9be562f8dfb57e98c1ea884fe4a93,"https://hamrobazaar.blr1.cdn.digitaloceanspaces.com/User/Posts/2025/07/18/ceb7edb9-d9f4-8176-53db-725dc6302793.jpg?x-image-process=image/resize,m_lfit,h_320,w_320/format,webp"
SUBARU 2007 Model Exchange Or Finance Also Availab,"‡§∞‡•Ç. 19,00,000","Itachhen, Bhaktapur-2, Bhaktapur, Bagmati Pradesh",2007,Subaru,| Brand New,14 days ago,https://hamrobazaar.com/product/subaru-2007-model-exchange-or-finance-also-availab-in-bhaktapur/31c1bbd73f47e8e89ddf9e7b4cb1e3bd,"https://hamrobazaar.blr1.cdn.digitaloceanspaces.com/User/Posts/2025/07/18/080f9273-4779-143a-e984-ff5a2580bade.jpg?x-image-process=image/resize,m_lfit,h_320,w_320/format,webp"
SUBARU 2007 Model Fully Fresh ‚ÄºÔ∏è,"‡§∞‡•Ç. 19,00,000","Itachhen, Bhaktapur-2, Bhaktapur, Bagmati Pradesh",2007,Subaru,| Like New,14 days ago,https://hamrobazaar.com/product/subaru-2007-model-fully-fresh-in-bhaktapur/5da6fa2ace4356b93782e09d15659b88,"https://hamrobazaar.blr1.cdn.digitaloceanspaces.com/User/Posts/2025/07/18/8c7e264e-5084-813e-bd21-94f1c368e914.jpg?x-image-process=image/resize,m_lfit,h_320,w_320/format,webp/resize,p_40,limit_0"
Ford Ecosport Titanium 2021 Model,"‡§∞‡•Ç. 30,50,000","Nagarjun, Nagarjun Municipality, Kathmandu",2021,Ford,| Used,14 days ago,https://hamrobazaar.com/product/ford-ecosport-titanium-2021-model-in-kathmandu/f2e1ab4e579d54f1f29aeb92e26aafe7,"https://hamrobazaar.blr1.cdn.digitaloceanspaces.com/User/Posts/2025/07/18/0cc97e29-559d-ad75-3ef9-3be73f815dbf.jpeg?x-image-process=image/resize,m_lfit,h_320,w_320/format,webp"
I20 Asta,"‡§∞‡•Ç. 1,325",,,,| Like New,15 days ago,https://hamrobazaar.com/product/i20-asta-in-nepal/5b8e68630ba29cf97f570c235cb4a41c,"https://hamrobazaar.blr1.cdn.digitaloceanspaces.com/User/Posts/2025/07/17/a2b5f5b6-7aa5-ad17-f190-f0b069361e22.jpg?x-image-process=image/resize,m_lfit,h_320,w_320/format,webp"
Suzuki VXI 2005,"‡§∞‡•Ç. 10,00,000","Chabahil, Kathmandu-31, Kathmandu",2005,Suzuki,| Used,15 days ago,https://hamrobazaar.com/product/suzuki-vxi-2005-in-kathmandu/324d20797460ba6ef889b167f6c3c84a,"https://hamrobazaar.blr1.cdn.digitaloceanspaces.com/User/Posts/2025/07/17/c19d4d4c-81d1-b8d6-54c9-71d2a9ebdeb5.webp?x-image-process=image/resize,m_lfit,h_320,w_320/format,webp/resize,p_40,limit_0"
Subaru 4wd Japanese Jeep On Sale! 9764606613‚òéÔ∏è,"‡§∞‡•Ç. 18,75,000","Ghalate, Suryabinayak-6, Bhaktapur, Bagmati Pradesh",,Subaru,| Like New,15 days ago,https://hamrobazaar.com/product/subaru-4wd-japanese-jeep-on-sale-9764606613-in-bhaktapur/adbdd2004cc74b0c0417dcce089f659b,"https://hamrobazaar.blr1.cdn.digitaloceanspaces.com/User/Posts/2025/07/17/3ed3eb64-531c-0cfc-1981-aa41b80678b5.webp?x-image-process=image/resize,m_lfit,h_320,w_320/format,webp"
"2021 Breeza Zxi+petrol Singlehand Sale,Exng50%Loan","‡§∞‡•Ç. 36,50,000","Mata Subhalaxmi Automobiles, Gokarneshwor-5, Kathmandu",2021,,| Like New,16 days ago,https://hamrobazaar.com/product/2021-breeza-zxipetrol-singlehand-saleexng50loan-in-kathmandu/304f4babce979934e336ddbf1e9d7805,"https://hamrobazaar.blr1.cdn.digitaloceanspaces.com/User/Posts/2025/07/16/33c21c3e-c4a9-770f-f392-dfd1ac7672b6.webp?x-image-process=image/resize,m_lfit,h_320,w_320/format,webp"
Sunaru 4wd On Sell 9808813689 And 9761807935,"‡§∞‡•Ç. 18,00,000","Bhaktapur, Bhaktapur Municipality, Bhaktapur",,,| Like New,16 days ago,https://hamrobazaar.com/product/sunaru-4wd-on-sell-9808813689-and-9761807935-in-bhaktapur/6e724ec673a25f0dc7fc3e6d0bf6d763,"https://hamrobazaar.blr1.cdn.digitaloceanspaces.com/User/Posts/2025/07/16/12a70119-4c63-4eb3-1434-f8f19917cc4a.jpeg?x-image-process=image/resize,m_lfit,h_320,w_320/format,webp"
SCORPIO S11 FULLY LOADED,"‡§∞‡•Ç. 64,00,000","Shiva Jyoti Auto Centre, Kathmandu-15, Kathmandu",,,| Used,16 days ago,https://hamrobazaar.com/product/scorpio-s11-fully-loaded-in-kathmandu/9fc98d3b22e1d43e88010e599d214747,"https://hamrobazaar.blr1.cdn.digitaloceanspaces.com/User/Posts/2025/07/16/05266feb-42ac-05c0-fd65-a2cdca7dff41.webp?x-image-process=image/resize,m_lfit,h_320,w_320/format,webp"
Tata Nexon Xz+sunroof 2022,"‡§∞‡•Ç. 36,00,000","Lalitpur Imadol 3, Balkumari-Balkot road, Mahalaxmi-3, Lalitpur",2022,Tata,| Like New,17 days ago,https://hamrobazaar.com/product/tata-nexon-xzsunroof-2022-in-lalitpur/c5d4273585b51d6829863b7145079876,"https://hamrobazaar.blr1.cdn.digitaloceanspaces.com/User/Posts/2025/07/15/e44091ab-038c-c349-36c6-e52427480c1b.webp?x-image-process=image/resize,m_lfit,h_320,w_320/format,webp/resize,p_40,limit_0"
TOYOTA ETIOS CROSS 2014 Model ‚òéÔ∏è9818846575,"‡§∞‡•Ç. 23,00,000","Itachhen, Bhaktapur-2, Bhaktapur, Bagmati Pradesh",2014,Toyota,| Brand New,17 days ago,https://hamrobazaar.com/product/toyota-etios-cross-2014-model-9818846575-in-bhaktapur/daca34aed2dbf1bb55edee2547d42161,"https://hamrobazaar.blr1.cdn.digitaloceanspaces.com/User/Posts/2025/07/15/1ad21d41-7f4a-7d7d-bac3-55a94dae3e95.jpg?x-image-process=image/resize,m_lfit,h_320,w_320/format,webp"
Mitsubishi Pajero 1990 Model Fully Fresh üí•‚ÄºÔ∏è,"‡§∞‡•Ç. 8,00,000","Itachhen, itachhen, Bhaktapur-1, Bhaktapur, Bagmati Pradesh",1990,Mitsubishi,| Like New,17 days ago,https://hamrobazaar.com/product/mitsubishi-pajero-1990-model-fully-fresh-in-bhaktapur/fcfec448324a2e3460b2f14c47490da2,"https://hamrobazaar.blr1.cdn.digitaloceanspaces.com/User/Posts/2025/07/15/8786ccfa-990f-424e-ac00-3107c54a2c41.jpg?x-image-process=image/resize,m_lfit,h_320,w_320/format,webp"
Eco Sport2013 Model Finance Exchange,"‡§∞‡•Ç. 17,00,000","Dudhpati, Bhaktapur-1, Bhaktapur, Bagmati Pradesh",2013,,| Like New,17 days ago,https://hamrobazaar.com/product/eco-sport2013-model-finance-exchange-in-bhaktapur/27597032cedce87edcf460470acba412,"https://hamrobazaar.blr1.cdn.digitaloceanspaces.com/User/Posts/2025/07/15/9d8d6635-c492-e39d-7993-27d14e6b5f6b.jpg?x-image-process=image/resize,m_lfit,h_320,w_320/format,webp/resize,p_40,limit_0"
Sirion Myvi2010 Model Finance Exchange,"‡§∞‡•Ç. 9,00,000","Dudhpati, Bhaktapur-1, Bhaktapur, Bagmati Pradesh",2010,,| Like New,17 days ago,https://hamrobazaar.com/product/sirion-myvi2010-model-finance-exchange-in-bhaktapur/d704ef598f81eaa752c7f2d50903bcff,"https://hamrobazaar.blr1.cdn.digitaloceanspaces.com/User/Posts/2025/07/15/e04a6ed5-6677-336b-8cfc-43e9c97cf0d6.jpg?x-image-process=image/resize,m_lfit,h_320,w_320/format,webp"
Chevrolet Optra 2012 Model Fully Fresh Condition ‚ö°,"‡§∞‡•Ç. 10,00,000","Itachhen, Bhaktapur-2, Bhaktapur, Bagmati Pradesh",2012,Chevrolet,| Like New,17 days ago,https://hamrobazaar.com/product/chevrolet-optra-2012-model-fully-fresh-condition-in-bhaktapur/b1199ca90ba5434e52b7d943905b4cae,"https://hamrobazaar.blr1.cdn.digitaloceanspaces.com/User/Posts/2025/07/15/64fad3bd-df16-413e-f119-810e62619aae.jpg?x-image-process=image/resize,m_lfit,h_320,w_320/format,webp"
Grand I10 Nios 2021 Model Magna On Sale,"‡§∞‡•Ç. 28,00,000","Naya Naikap, Chandragiri Municipality, Kathmandu",2021,,| Like New,18 days ago,https://hamrobazaar.com/product/grand-i10-nios-2021-model-magna-on-sale-in-kathmandu/a3238abb630fe04d3d5ff43c2f820da1,"https://hamrobazaar.blr1.cdn.digitaloceanspaces.com/User/Posts/2025/07/14/54fe769f-4aa2-d9e5-0b3b-d7928a97dbd5.jpeg?x-image-process=image/resize,m_lfit,h_320,w_320/format,webp/resize,p_40,limit_0"
"Mazda-3 Sedan Luxurious Car,","‡§∞‡•Ç. 13,00,000","Itachhen, Bhaktapur-1, Bhaktapur, Bagmati Pradesh",,Mazda,| Like New,18 days ago,https://hamrobazaar.com/product/mazda3-sedan-luxurious-car-in-bhaktapur/702560fcd8ba71f92e4e331960b6f824,"https://hamrobazaar.blr1.cdn.digitaloceanspaces.com/User/Posts/2025/07/14/5f715995-ca32-ee3b-bfdd-0ee702f77965.jpg?x-image-process=image/resize,m_lfit,h_320,w_320/format,webp"
Ford EcoSport 2wd Luxurious Jeep,"‡§∞‡•Ç. 18,00,000","Dudhpati, Bhaktapur-1, Bhaktapur, Bagmati Pradesh",,Ford,| Like New,18 days ago,https://hamrobazaar.com/product/ford-ecosport-2wd-luxurious-jeep-in-bhaktapur/d7cd4776e15d32e9ad03f03f87917fa4,"https://hamrobazaar.blr1.cdn.digitaloceanspaces.com/User/Posts/2025/07/14/fc1527d9-2f86-bc79-783d-9df4f15930be.jpg?x-image-process=image/resize,m_lfit,h_320,w_320/format,webp"
Self Drive Creta Rent,"‡§∞‡•Ç. 6,999","Kholagaal, ‡§â‡§§‡•ç‡§§‡§∞ ‡§¢‡•ã‡§ï‡§æ ‡§∞‡•ã‡§°, Kathmandu-1, Kathmandu, Bagmati Pradesh",,,| Used,18 days ago,https://hamrobazaar.com/product/self-drive-creta-rent-in-kathmandu/c034a04ef7f8808051e99b6fc64cb4f7,"https://hamrobazaar.blr1.cdn.digitaloceanspaces.com/User/Posts/2025/07/14/19f8af12-f4d0-51fa-16c8-30f05ef9d6c2.jpg?x-image-process=image/resize,m_lfit,h_320,w_320/format,webp/resize,p_40,limit_0"
Magnite Needed Urgent,"‡§∞‡•Ç. 21,00,000","Kathmandu, Kathmandu-11, Kathmandu",,,| Like New,19 days ago,https://hamrobazaar.com/product/magnite-needed-urgent-in-kathmandu/43d32ab56b31101382a6d0746dc63369,"https://hamrobazaar.blr1.cdn.digitaloceanspaces.com/User/Posts/2025/07/13/94ad4575-2df9-965e-16a8-7fe480deb96a.webp?x-image-process=image/resize,m_lfit,h_320,w_320/format,webp"
SINGLE HANDED Celerio Vxi ( 2019 Model ) For Sale,"‡§∞‡•Ç. 20,50,000","Tinkune Marg, Kuleshwar, Kathmandu Metropolitan City, Kathmandu",2019,,| Like New,19 days ago,https://hamrobazaar.com/product/single-handed-celerio-vxi-2019-model-for-sale-in-kathmandu/8b988d880c624e5d50d74a9b528d3be9,"https://hamrobazaar.blr1.cdn.digitaloceanspaces.com/User/Posts/2025/07/13/56acc36f-f3f5-2d97-d87b-bcb7b72ff155.jpeg?x-image-process=image/resize,m_lfit,h_320,w_320/format,webp"
Kia Picanto Petrol 2010 Model On Sale!,"‡§∞‡•Ç. 9,70,000","Sangam Colony, Madhyapur Thimi-5, Bhaktapur, Bagmati Pradesh",2010,Kia,| Like New,19 days ago,https://hamrobazaar.com/product/kia-picanto-petrol-2010-model-on-sale-in-bhaktapur/752d64ae8c503c8edf6cd3ada0542ce7,"https://hamrobazaar.blr1.cdn.digitaloceanspaces.com/User/Posts/2025/07/13/158939f0-04bd-7440-89c2-a8fb46de6dc0.jpg?x-image-process=image/resize,m_lfit,h_320,w_320/format,webp/resize,p_40,limit_0"
Kia Picanto 2010 Model 9823657076,"‡§∞‡•Ç. 9,30,000","Shankhadar Shakwa statue, Purano Thimi- Naya Thimi, Balkumari, Madhyapur Thimi Municipality, Bhaktapur",2010,Kia,| Like New,20 days ago,https://hamrobazaar.com/product/kia-picanto-2010-model-9823657076-in-bhaktapur/56521e6d5a972cb16b73187448aa560b,"https://hamrobazaar.blr1.cdn.digitaloceanspaces.com/User/Posts/2025/07/12/161e7269-e562-9421-cd45-51220ba65d28.jpeg?x-image-process=image/resize,m_lfit,h_320,w_320/format,webp"
Hyundai Eon 2014,"‡§∞‡•Ç. 11,65,000","Bhrikuti Mandap khulla bazzar, Bhadrakali Marg, Thapathali, Kathmandu Metropolitan City, Kathmandu",2014,Hyundai,| Like New,20 days ago,https://hamrobazaar.com/product/hyundai-eon-2014-in-kathmandu/9334c8b838f87a49be737b8c85f25f56,"https://hamrobazaar.blr1.cdn.digitaloceanspaces.com/User/Posts/2025/07/12/001c54e1-c133-4239-29bf-818f0539398c.jpeg?x-image-process=image/resize,m_lfit,h_320,w_320/format,webp"
Nissan Sunny 2019 Single Hand,"‡§∞‡•Ç. 19,90,000","Typical Marga, Basnetgaun, Lalitpur, Lalitpur Metropolitan City, Lalitpur",2019,Nissan,| Used,21 days ago,https://hamrobazaar.com/product/nissan-sunny-2019-single-hand-in-lalitpur/ded485ba9e0580eaa72d0218595625fd,"https://hamrobazaar.blr1.cdn.digitaloceanspaces.com/User/Posts/2025/07/11/d326e703-28b1-b33e-e952-6c49c9531fbc.jpeg?x-image-process=image/resize,m_lfit,h_320,w_320/format,webp/resize,p_40,limit_0"
SIRIO MYVI SXI 2010 Model Exchange Or Finance Also,"‡§∞‡•Ç. 9,00,000","Itachhen, Bhaktapur-2, Bhaktapur, Bagmati Pradesh",2010,,| Like New,21 days ago,https://hamrobazaar.com/product/sirio-myvi-sxi-2010-model-exchange-or-finance-also-in-bhaktapur/8a53815140870184aac37ce4a523533f,"https://hamrobazaar.blr1.cdn.digitaloceanspaces.com/User/Posts/2025/07/11/5b7f701c-b854-4a0b-034a-9283cff93402.jpg?x-image-process=image/resize,m_lfit,h_320,w_320/format,webp"
